name;login;password;type;ip;1;2;lastenter;;;lastenter;services
Clareta Hacking;chacking0;4tzqHdkqzo4;1;147.231.50.234;;;02.10.2020;;;02.10.2020;"[{""code"":557},{""code"":836},{""code"":287}]"
Northrop Mably;nmably1;ukM0e6;2;22.32.15.211;;;6/20/2020;;;6/20/2020;"[{""code"":855},{""code"":619},{""code"":557},{""code"":836},{""code"":548}]"
Fabian Rolf;frolf2;7QpCwac0yi;1;113.92.142.29;;;5/19/2020;;;5/19/2020;"[{""code"":543},{""code"":836}]"
Lauree Raden;lraden3;5Ydp2mz;1;39.24.146.52;;;6/22/2020;;;6/22/2020;"[{""code"":855},{""code"":258}]"
Barby Follos;bfollos4;ckmAJPQV;1;87.232.97.3;;;3/18/2020;;;3/18/2020;"[{""code"":543},{""code"":415},{""code"":619},{""code"":557}]"
Mile Enterle;menterle5;0PRom6i;2;85.121.209.6;;;07.04.2020;;;07.04.2020;"[{""code"":557},{""code"":836},{""code"":229}]"
Midge Peaker;mpeaker6;0Tc5oRc;2;196.39.132.128;;;09.03.2020;;;09.03.2020;"[{""code"":287},{""code"":619},{""code"":548},{""code"":346}]"
Manon Robichon;mrobichon7;LEwEjMlmE5X;2;143.159.207.105;;;8/31/2020;;;8/31/2020;"[{""code"":415},{""code"":311},{""code"":176},{""code"":855}]"
Stavro Robken;srobken8;Cbmj3Yi;3;12.154.73.196;;;5/22/2020;;;5/22/2020;"[{""code"":323},{""code"":548},{""code"":346}]"
Bryan Tidmas;btidmas9;dYDHbBQfK;3;24.42.134.21;;;06.06.2020;;;06.06.2020;"[{""code"":229},{""code"":346},{""code"":501},{""code"":548}]"
Jeannette Fussie;jfussiea;EGxXuLQ9;2;98.194.112.137;;;8/21/2020;;;8/21/2020;"[{""code"":287}]"
Stephen Antonacci;santonaccib;YcXAhY3Pja;2;198.146.255.15;;;10.03.2019;;;10.03.2019;"[{""code"":619},{""code"":258},{""code"":229},{""code"":557},{""code"":797}]"
Niccolo Bountiff;nbountiffc;5xfyjS9ZULGA;1;231.78.246.229;;;1/22/2020;;;1/22/2020;"[{""code"":323},{""code"":311},{""code"":557}]"
Clemente Benjefield;cbenjefieldd;tQOsP0ei9TuD;3;88.126.93.246;;;07.09.2020;;;07.09.2020;"[{""code"":855},{""code"":176},{""code"":176},{""code"":855}]"
Orlan Corbyn;ocorbyne;bG1ZIzwIoU;3;232.175.48.179;;;4/24/2020;;;4/24/2020;"[{""code"":229},{""code"":836},{""code"":287},{""code"":619}]"
Coreen Stickins;cstickinsf;QRYADbgNj;1;64.30.175.158;;;4/20/2020;;;4/20/2020;"[{""code"":557}]"
Daveta Clarage;dclarageg;Yp59ZIDnWe;3;139.88.229.111;;;06.09.2020;;;06.09.2020;"[{""code"":346},{""code"":836},{""code"":346}]"
Javier McCawley;jmccawleyh;g58zLcmCYON;3;14.199.67.32;;;4/20/2020;;;4/20/2020;"[{""code"":619},{""code"":258}]"
Daile Band;dbandi;yFAaYuVW;3;206.105.148.56;;;12.02.2019;;;12.02.2019;"[{""code"":176},{""code"":543},{""code"":855},{""code"":258}]"
Angil Buttery;abutteryj;ttOFbWWGtD;2;192.158.7.138;;;6/21/2020;;;6/21/2020;"[{""code"":323},{""code"":855},{""code"":659},{""code"":287}]"
Kyla Kinman;kkinmank;qUr6fdWP6L5G;1;134.99.243.113;;;11.08.2019;;;11.08.2019;"[{""code"":346},{""code"":855},{""code"":323},{""code"":557},{""code"":501}]"
Selena Skepper;sskepperl;jHYN0v3;3;52.90.89.126;;;4/28/2020;;;4/28/2020;"[{""code"":855},{""code"":287}]"
Alyson Yeoland;ayeolandm;QQezRBV9;3;239.7.55.187;;;5/31/2020;;;5/31/2020;"[{""code"":836},{""code"":836},{""code"":229},{""code"":258},{""code"":836}]"
Claudie Speeding;cspeedingn;UCLYITfw2Vo;2;127.37.194.127;;;11/15/2019;;;11/15/2019;"[{""code"":548},{""code"":557},{""code"":176}]"
Alaric Scarisbrick;ascarisbricko;fzBcv6GbyCp;3;97.227.15.172;;;2/19/2020;;;2/19/2020;"[{""code"":543},{""code"":836}]"
Marie Thurby;mthurbyp;wg0uIskqei;1;94.70.148.135;;;9/18/2019;;;9/18/2019;"[{""code"":548},{""code"":855}]"
Cloe Roxbrough;croxbroughq;67CVVym;2;185.110.201.36;;;01.11.2020;;;01.11.2020;"[{""code"":501},{""code"":797},{""code"":797}]"
Pegeen McCotter;pmccotterr;QG5tdzRpGZJ2;3;22.179.187.229;;;3/22/2020;;;3/22/2020;"[{""code"":176},{""code"":855}]"
Iggie Calleja;icallejas;aeDvZk8o9;2;67.237.123.227;;;7/19/2020;;;7/19/2020;"[{""code"":836},{""code"":176},{""code"":619},{""code"":258}]"
Pushkin Alex;nbroscht;DmPJt2;3;251.1.59.65;;;12/17/2019;;;12/17/2019;"[{""code"":346}]"
Shae Allsepp;sallseppu;t0ko0854Cpvv;2;88.20.74.85;;;08.09.2020;;;08.09.2020;"[{""code"":548},{""code"":229},{""code"":258},{""code"":619}]"
Eldridge Abbatucci;eabbatucciv;gUtNdsDu;2;52.44.134.126;;;3/29/2020;;;3/29/2020;"[{""code"":836},{""code"":836},{""code"":797}]"
Skip Garnham;sgarnhamw;eml6RqbK;2;100.17.131.54;;;1/29/2020;;;1/29/2020;"[{""code"":548}]"
Ric Kitchenside;rkitchensidex;xaa7miQ7yB;2;29.100.76.146;;;12/14/2019;;;12/14/2019;"[{""code"":501},{""code"":258},{""code"":659},{""code"":501},{""code"":659}]"
Urbanus Di Meo;udiy;dHqu78cU6NOP;2;90.30.202.251;;;12/25/2019;;;12/25/2019;"[{""code"":797},{""code"":287},{""code"":855},{""code"":346}]"
Monty Beidebeke;mbeidebekez;F5T5spAU9A4O;2;3.32.202.92;;;02.05.2020;;;02.05.2020;"[{""code"":415},{""code"":543},{""code"":836}]"
Byrann Savins;bsavins10;l6sYf29NLN;2;123.187.14.103;;;1/23/2020;;;1/23/2020;"[{""code"":836}]"
Sonnie Riby;sriby11;Va34LYqFh;2;16.81.16.23;;;6/17/2020;;;6/17/2020;"[{""code"":501}]"
Sherill Birney;sbirney12;Ggygo2ePsETs;1;144.76.193.237;;;12/27/2019;;;12/27/2019;"[{""code"":836},{""code"":258},{""code"":619}]"
Indira Kleanthous;ikleanthous13;3H0GS7a;2;169.108.108.88;;;12/29/2019;;;12/29/2019;"[{""code"":797},{""code"":346},{""code"":543},{""code"":501},{""code"":258}]"
Maison Skerme;mskerme14;wy1HWA;2;143.177.136.232;;;02.10.2020;;;02.10.2020;"[{""code"":176},{""code"":619}]"
Hanan Cahey;hcahey15;NSXcG9khd;3;18.127.87.158;;;6/13/2020;;;6/13/2020;"[{""code"":501},{""code"":258}]"
Tore Rusling;trusling16;abol9dYC8e;2;142.216.95.251;;;3/19/2020;;;3/19/2020;"[{""code"":619}]"
Jeddy De Souza;jde17;gK6Hsl8Q;2;229.104.255.175;;;10/17/2019;;;10/17/2019;"[{""code"":415},{""code"":619}]"
Flossi McLeoid;fmcleoid18;B9zr0N7cJw;2;90.207.38.179;;;1/26/2020;;;1/26/2020;"[{""code"":543}]"
Nikoletta Megainey;nmegainey19;gph7QurFf;2;172.249.218.50;;;5/22/2020;;;5/22/2020;"[{""code"":415}]"
Adan Bliven;abliven1a;vVxlf94KpeX;3;49.101.94.118;;;6/17/2020;;;6/17/2020;"[{""code"":323},{""code"":548}]"
Mohandis Rossoni;mrossoni1b;nLXj2lS;3;161.5.132.42;;;11/16/2019;;;11/16/2019;"[{""code"":176},{""code"":659},{""code"":287}]"
Nappie Redington;nredington1c;DCbOb1SX;2;174.42.8.3;;;05.06.2020;;;05.06.2020;"[{""code"":548}]"
Tolstoy Alexey;lfrancie1d;DoGeHWuAAM;2;182.2.128.34;;;3/30/2020;;;3/30/2020;"[{""code"":659},{""code"":501},{""code"":415}]"
Ashley Blowin;ablowin1e;aQygVtMjN;2;73.212.243.168;;;6/24/2020;;;6/24/2020;"[{""code"":176},{""code"":311},{""code"":855},{""code"":176}]"
Vale Goroni;vgoroni1f;bWr0QU;3;93.126.120.134;;;8/19/2020;;;8/19/2020;"[{""code"":287},{""code"":287},{""code"":659}]"
Suki Grafom;sgrafom1g;JcNcVDAouYzA;3;9.26.5.107;;;12/17/2019;;;12/17/2019;"[{""code"":797},{""code"":323},{""code"":548}]"
Justis Gianneschi;jgianneschi1h;oieX5u3sUfpD;3;139.241.156.87;;;3/14/2020;;;3/14/2020;"[{""code"":836},{""code"":543},{""code"":548},{""code"":311}]"
Emilie Collett;ecollett1i;Y0uMyKB0W;2;47.0.240.7;;;10.07.2019;;;10.07.2019;"[{""code"":543},{""code"":287},{""code"":258}]"
Byrom Terrell;bterrell1j;hswseW;1;157.21.33.53;;;2/25/2020;;;2/25/2020;"[{""code"":287},{""code"":557},{""code"":543}]"
Daphne Bifield;dbifield1k;oYAQ4URihIA;1;24.185.229.169;;;7/29/2020;;;7/29/2020;"[{""code"":619},{""code"":323},{""code"":855},{""code"":229}]"
Blanca Staig;bstaig1l;MygqEtjMtUbC;3;171.78.28.229;;;2/19/2020;;;2/19/2020;"[{""code"":176},{""code"":855}]"
Adriaens Kennsley;akennsley1m;CTUdBfJsy6qF;3;208.81.128.179;;;7/15/2020;;;7/15/2020;"[{""code"":836},{""code"":548}]"
Emlyn Bartak;ebartak1n;y3t4H1;1;130.247.20.138;;;12/20/2019;;;12/20/2019;"[{""code"":543}]"
Victoria Willshire;vwillshire1o;VFSLc2t;1;243.230.165.161;;;09.03.2020;;;09.03.2020;"[{""code"":557},{""code"":287},{""code"":836},{""code"":287}]"
Egon Savin;esavin1p;axnJY9s;2;40.140.160.210;;;1/31/2020;;;1/31/2020;"[{""code"":346},{""code"":258},{""code"":543},{""code"":323},{""code"":176}]"
Phillie Elsom;pelsom1q;OXzMECG;2;253.7.8.82;;;01.01.2020;;;01.01.2020;"[{""code"":323},{""code"":501},{""code"":501}]"
Adan Semaine;asemaine1r;MdJRkHor5SP;2;76.252.15.218;;;10.05.2019;;;10.05.2019;"[{""code"":258}]"
Constantino Northrop;cnorthrop1s;UIwCvTA7MRS0;1;119.130.24.85;;;10.12.2019;;;10.12.2019;"[{""code"":176},{""code"":229}]"
Rodie Easson;reasson1t;3J0jgg9RWlXs;2;212.248.119.232;;;8/14/2020;;;8/14/2020;"[{""code"":855},{""code"":287},{""code"":797}]"
Alida Boleyn;aboleyn1u;3q2mQdDRmtr;3;181.14.56.184;;;5/26/2020;;;5/26/2020;"[{""code"":229},{""code"":323},{""code"":501},{""code"":258},{""code"":415}]"
Hill Scholfield;hscholfield1v;1Pbs3K6qXYB;2;15.7.205.224;;;2/23/2020;;;2/23/2020;"[{""code"":619},{""code"":258},{""code"":501},{""code"":287}]"
Cordell Cowpe;ccowpe1w;VHr417Ft0;3;237.236.173.63;;;6/17/2020;;;6/17/2020;"[{""code"":346},{""code"":311},{""code"":346},{""code"":176}]"
Alexandro Eldon;aeldon1x;rrywOQRmFKyh;1;4.174.11.210;;;12.04.2019;;;12.04.2019;"[{""code"":836},{""code"":346},{""code"":836}]"
Kayle Collin;kcollin1y;Q0ZV21vew0;1;52.19.142.168;;;6/30/2020;;;6/30/2020;"[{""code"":346}]"
Inesita Larkins;ilarkins1z;DEFNpHtU;1;3.26.42.188;;;12.05.2019;;;12.05.2019;"[{""code"":548},{""code"":258},{""code"":311},{""code"":229}]"
Waylin Lound;wlound20;a2G4Ihh2o;1;31.243.68.215;;;1/26/2020;;;1/26/2020;"[{""code"":619},{""code"":659},{""code"":346}]"
Mechelle Gillogley;mgillogley21;EjUHfCUFqF;2;79.38.53.53;;;05.01.2020;;;05.01.2020;"[{""code"":346},{""code"":176},{""code"":176},{""code"":415},{""code"":415}]"
Donal Muccino;dmuccino22;E4okVgx;3;109.138.101.234;;;04.02.2020;;;04.02.2020;"[{""code"":176},{""code"":619},{""code"":287},{""code"":311},{""code"":619}]"
Joye Leadbetter;jleadbetter23;ZNsaKdgb;2;51.245.190.167;;;05.02.2020;;;05.02.2020;"[{""code"":548},{""code"":543},{""code"":548},{""code"":855}]"
Gianina Trump;gtrump24;6XXY7IS26Ci;3;11.191.37.17;;;08.03.2020;;;08.03.2020;"[{""code"":258}]"
Read LeEstut;rleestut25;zq3C4rUR;1;119.247.100.162;;;09.11.2020;;;09.11.2020;"[{""code"":323},{""code"":287},{""code"":659},{""code"":176}]"
Jill Anscott;janscott26;5maCRrCZLu;3;104.85.178.46;;;4/28/2020;;;4/28/2020;"[{""code"":287}]"
Bud Douch;bdouch27;KAkwrli;1;72.132.101.188;;;02.06.2020;;;02.06.2020;"[{""code"":287}]"
Cicily Ossenna;cossenna28;vfKJkCeohOzZ;3;230.85.180.186;;;01.06.2020;;;01.06.2020;"[{""code"":501},{""code"":176},{""code"":176}]"
Hew Izzat;hizzat29;Uifdtu;1;143.246.125.169;;;1/20/2020;;;1/20/2020;"[{""code"":287},{""code"":501},{""code"":287},{""code"":311}]"
Eddie Gimeno;egimeno2a;oF1hbmKlZ;3;60.57.115.125;;;3/18/2020;;;3/18/2020;"[{""code"":659},{""code"":543},{""code"":501},{""code"":659},{""code"":548}]"
Sybyl Fierro;sfierro2b;VjUrQ2;2;250.233.247.215;;;1/22/2020;;;1/22/2020;"[{""code"":415},{""code"":323},{""code"":346},{""code"":311}]"
Nicol Troup;ntroup2c;KmDDYf1Pu;2;121.7.142.165;;;6/25/2020;;;6/25/2020;"[{""code"":415},{""code"":176},{""code"":836},{""code"":287}]"
Bondy Pattenden;bpattenden2d;IOUkHpOn;1;45.121.26.90;;;6/15/2020;;;6/15/2020;"[{""code"":836},{""code"":229},{""code"":346},{""code"":346}]"
Angus Cockman;acockman2e;fDKhK7OK;1;167.9.255.77;;;01.06.2020;;;01.06.2020;"[{""code"":323},{""code"":229},{""code"":258},{""code"":258},{""code"":415}]"
Mord Hanscome;mhanscome2f;xBHzpa7eP0u;2;121.181.10.230;;;07.10.2020;;;07.10.2020;"[{""code"":346},{""code"":548},{""code"":548}]"
Susy Leblanc;sleblanc2g;T2et1U5M;2;118.164.120.202;;;6/16/2020;;;6/16/2020;"[{""code"":855},{""code"":619}]"
Gerard Ciccoloi;gciccoloi2h;w4dZ3hxiCiAg;1;71.235.27.27;;;02.03.2020;;;02.03.2020;"[{""code"":548},{""code"":311},{""code"":346},{""code"":311}]"
Seamus Sayburn;ssayburn2i;1hTM7EVKaS;2;75.194.92.114;;;1/24/2020;;;1/24/2020;"[{""code"":557},{""code"":548},{""code"":557},{""code"":323},{""code"":557}]"
Washington Gentiry;wgentiry2j;z2X9UH5;1;188.49.78.185;;;04.10.2020;;;04.10.2020;"[{""code"":323},{""code"":855},{""code"":229}]"
Rebekkah Westall;rwestall2k;xLgunbO9x6;2;212.150.81.93;;;02.02.2020;;;02.02.2020;"[{""code"":501},{""code"":501},{""code"":855},{""code"":797},{""code"":501}]"
Court Kulic;ckulic2l;FLHYRN;1;154.121.193.131;;;6/26/2020;;;6/26/2020;"[{""code"":323}]"
Lorilee Roux;lroux2m;98cCxHeeK31;3;229.187.60.106;;;06.12.2020;;;06.12.2020;"[{""code"":415},{""code"":543}]"
Modestine Rolinson;mrolinson2n;faGzyW8hEca;1;9.203.185.188;;;10/30/2019;;;10/30/2019;"[{""code"":311},{""code"":855},{""code"":797},{""code"":855}]"
Shelbi Ellgood;sellgood2o;3do5MME;3;199.226.26.7;;;8/31/2020;;;8/31/2020;"[{""code"":176},{""code"":836},{""code"":346},{""code"":501},{""code"":176}]"
Barbabra Retchless;bretchless2p;WraGihh;2;86.66.23.203;;;11.09.2019;;;11.09.2019;"[{""code"":229},{""code"":415},{""code"":258},{""code"":619}]"
Robinetta Jerzak;rjerzak2q;hAp8jki;2;205.158.144.210;;;12.11.2019;;;12.11.2019;"[{""code"":659}]"
Vance Boots;vboots2r;bgJfSDEVEQm6;2;91.73.40.29;;;09.07.2020;;;09.07.2020;"[{""code"":548},{""code"":346},{""code"":311}]"
